{"ifthenpayConfig.css":"ifthenpayConfig_1628262781713.css","ifthenpayConfirmPage.css":"ifthenpayConfirmPage_1628262781724.css","paymentOptions.css":"paymentOptions_1628262781728.css","mbwayCountdownConfirmPage.js":"mbwayCountdownConfirmPage_1628262781734.js","adminConfigPage.js":"adminConfigPage_1628262781744.js","checkoutMultibancoPage.js":"checkoutMultibancoPage_1628262781756.js","checkoutMbwayPage.js":"checkoutMbwayPage_1628262781767.js","checkoutPayshopPage.js":"checkoutPayshopPage_1628262781778.js","checkoutCcardPage.js":"checkoutCcardPage_1628262781789.js"}